10:*******************************************,
DC Transfer Curves,
Thu Nov 10 09:08:57 2022,
Input file: \\tsclient\C\Users\espen\Repositories\TFE4152\TFE4152-Memory-Array\AIM-Spice\not_tb.cir,
sweep [V],v(ref) [V],v(out) [V],
0,0.5,0.999584,
0.001,0.5,0.999575,
0.002,0.5,0.999565,
0.003,0.5,0.999555,
0.004,0.5,0.999544,
0.005,0.5,0.999534,
0.006,0.5,0.999523,
0.007,0.5,0.999512,
0.008,0.5,0.999501,
0.009,0.5,0.99949,
0.01,0.5,0.999478,
0.011,0.5,0.999466,
0.012,0.5,0.999454,
0.013,0.5,0.999442,
0.014,0.5,0.999429,
0.015,0.5,0.999416,
0.016,0.5,0.999403,
0.017,0.5,0.999389,
0.018,0.5,0.999375,
0.019,0.5,0.999361,
0.02,0.5,0.999347,
0.021,0.5,0.999332,
0.022,0.5,0.999317,
0.023,0.5,0.999301,
0.024,0.5,0.999286,
0.025,0.5,0.99927,
0.026,0.5,0.999253,
0.027,0.5,0.999236,
0.028,0.5,0.999219,
0.029,0.5,0.999202,
0.03,0.5,0.999184,
0.031,0.5,0.999165,
0.032,0.5,0.999147,
0.033,0.5,0.999127,
0.034,0.5,0.999108,
0.035,0.5,0.999088,
0.036,0.5,0.999067,
0.037,0.5,0.999047,
0.038,0.5,0.999025,
0.039,0.5,0.999004,
0.04,0.5,0.998981,
0.041,0.5,0.998959,
0.042,0.5,0.998935,
0.043,0.5,0.998912,
0.044,0.5,0.998888,
0.045,0.5,0.998863,
0.046,0.5,0.998838,
0.047,0.5,0.998812,
0.048,0.5,0.998786,
0.049,0.5,0.998759,
0.05,0.5,0.998731,
0.051,0.5,0.998703,
0.052,0.5,0.998675,
0.053,0.5,0.998646,
0.054,0.5,0.998616,
0.055,0.5,0.998585,
0.056,0.5,0.998554,
0.057,0.5,0.998523,
0.058,0.5,0.99849,
0.059,0.5,0.998457,
0.06,0.5,0.998423,
0.061,0.5,0.998389,
0.062,0.5,0.998354,
0.063,0.5,0.998318,
0.064,0.5,0.998281,
0.065,0.5,0.998244,
0.066,0.5,0.998206,
0.067,0.5,0.998167,
0.068,0.5,0.998127,
0.069,0.5,0.998086,
0.07,0.5,0.998045,
0.071,0.5,0.998002,
0.072,0.5,0.997959,
0.073,0.5,0.997915,
0.074,0.5,0.99787,
0.075,0.5,0.997825,
0.076,0.5,0.997778,
0.077,0.5,0.99773,
0.078,0.5,0.997681,
0.079,0.5,0.997632,
0.08,0.5,0.997581,
0.081,0.5,0.997529,
0.082,0.5,0.997477,
0.083,0.5,0.997423,
0.084,0.5,0.997368,
0.085,0.5,0.997312,
0.086,0.5,0.997255,
0.087,0.5,0.997197,
0.088,0.5,0.997138,
0.089,0.5,0.997077,
0.09,0.5,0.997016,
0.091,0.5,0.996953,
0.092,0.5,0.996889,
0.093,0.5,0.996823,
0.094,0.5,0.996757,
0.095,0.5,0.996689,
0.096,0.5,0.996619,
0.097,0.5,0.996549,
0.098,0.5,0.996477,
0.099,0.5,0.996404,
0.1,0.5,0.996329,
0.101,0.5,0.996253,
0.102,0.5,0.996175,
0.103,0.5,0.996096,
0.104,0.5,0.996016,
0.105,0.5,0.995934,
0.106,0.5,0.99585,
0.107,0.5,0.995765,
0.108,0.5,0.995678,
0.109,0.5,0.99559,
0.11,0.5,0.9955,
0.111,0.5,0.995408,
0.112,0.5,0.995315,
0.113,0.5,0.99522,
0.114,0.5,0.995123,
0.115,0.5,0.995025,
0.116,0.5,0.994924,
0.117,0.5,0.994822,
0.118,0.5,0.994718,
0.119,0.5,0.994612,
0.12,0.5,0.994505,
0.121,0.5,0.994395,
0.122,0.5,0.994284,
0.123,0.5,0.99417,
0.124,0.5,0.994055,
0.125,0.5,0.993937,
0.126,0.5,0.993817,
0.127,0.5,0.993696,
0.128,0.5,0.993572,
0.129,0.5,0.993446,
0.13,0.5,0.993318,
0.131,0.5,0.993188,
0.132,0.5,0.993055,
0.133,0.5,0.99292,
0.134,0.5,0.992783,
0.135,0.5,0.992644,
0.136,0.5,0.992502,
0.137,0.5,0.992359,
0.138,0.5,0.992212,
0.139,0.5,0.992063,
0.14,0.5,0.991912,
0.141,0.5,0.991758,
0.142,0.5,0.991602,
0.143,0.5,0.991444,
0.144,0.5,0.991282,
0.145,0.5,0.991118,
0.146,0.5,0.990952,
0.147,0.5,0.990783,
0.148,0.5,0.990611,
0.149,0.5,0.990436,
0.15,0.5,0.990259,
0.151,0.5,0.990079,
0.152,0.5,0.989896,
0.153,0.5,0.989711,
0.154,0.5,0.989522,
0.155,0.5,0.989331,
0.156,0.5,0.989137,
0.157,0.5,0.98894,
0.158,0.5,0.98874,
0.159,0.5,0.988536,
0.16,0.5,0.98833,
0.161,0.5,0.988121,
0.162,0.5,0.987909,
0.163,0.5,0.987693,
0.164,0.5,0.987475,
0.165,0.5,0.987253,
0.166,0.5,0.987028,
0.167,0.5,0.9868,
0.168,0.5,0.986569,
0.169,0.5,0.986334,
0.17,0.5,0.986096,
0.171,0.5,0.985855,
0.172,0.5,0.98561,
0.173,0.5,0.985362,
0.174,0.5,0.98511,
0.175,0.5,0.984855,
0.176,0.5,0.984597,
0.177,0.5,0.984335,
0.178,0.5,0.984069,
0.179,0.5,0.9838,
0.18,0.5,0.983527,
0.181,0.5,0.983251,
0.182,0.5,0.982971,
0.183,0.5,0.982687,
0.184,0.5,0.9824,
0.185,0.5,0.982109,
0.186,0.5,0.981814,
0.187,0.5,0.981515,
0.188,0.5,0.981212,
0.189,0.5,0.980906,
0.19,0.5,0.980595,
0.191,0.5,0.980281,
0.192,0.5,0.979963,
0.193,0.5,0.979641,
0.194,0.5,0.979314,
0.195,0.5,0.978984,
0.196,0.5,0.97865,
0.197,0.5,0.978311,
0.198,0.5,0.977969,
0.199,0.5,0.977622,
0.2,0.5,0.977271,
0.201,0.5,0.976916,
0.202,0.5,0.976557,
0.203,0.5,0.976193,
0.204,0.5,0.975826,
0.205,0.5,0.975453,
0.206,0.5,0.975077,
0.207,0.5,0.974696,
0.208,0.5,0.974311,
0.209,0.5,0.973921,
0.21,0.5,0.973527,
0.211,0.5,0.973128,
0.212,0.5,0.972725,
0.213,0.5,0.972317,
0.214,0.5,0.971904,
0.215,0.5,0.971487,
0.216,0.5,0.971066,
0.217,0.5,0.970639,
0.218,0.5,0.970208,
0.219,0.5,0.969772,
0.22,0.5,0.969332,
0.221,0.5,0.968886,
0.222,0.5,0.968436,
0.223,0.5,0.967981,
0.224,0.5,0.967521,
0.225,0.5,0.967056,
0.226,0.5,0.966586,
0.227,0.5,0.966111,
0.228,0.5,0.965631,
0.229,0.5,0.965146,
0.23,0.5,0.964656,
0.231,0.5,0.964161,
0.232,0.5,0.96366,
0.233,0.5,0.963154,
0.234,0.5,0.962643,
0.235,0.5,0.962127,
0.236,0.5,0.961606,
0.237,0.5,0.961079,
0.238,0.5,0.960546,
0.239,0.5,0.960009,
0.24,0.5,0.959465,
0.241,0.5,0.958917,
0.242,0.5,0.958362,
0.243,0.5,0.957802,
0.244,0.5,0.957237,
0.245,0.5,0.956665,
0.246,0.5,0.956088,
0.247,0.5,0.955506,
0.248,0.5,0.954917,
0.249,0.5,0.954323,
0.25,0.5,0.953722,
0.251,0.5,0.953116,
0.252,0.5,0.952504,
0.253,0.5,0.951885,
0.254,0.5,0.951261,
0.255,0.5,0.95063,
0.256,0.5,0.949994,
0.257,0.5,0.949351,
0.258,0.5,0.948701,
0.259,0.5,0.948045,
0.26,0.5,0.947383,
0.261,0.5,0.946715,
0.262,0.5,0.94604,
0.263,0.5,0.945358,
0.264,0.5,0.944669,
0.265,0.5,0.943974,
0.266,0.5,0.943272,
0.267,0.5,0.942564,
0.268,0.5,0.941848,
0.269,0.5,0.941125,
0.27,0.5,0.940396,
0.271,0.5,0.939659,
0.272,0.5,0.938915,
0.273,0.5,0.938164,
0.274,0.5,0.937405,
0.275,0.5,0.936639,
0.276,0.5,0.935866,
0.277,0.5,0.935085,
0.278,0.5,0.934296,
0.279,0.5,0.9335,
0.28,0.5,0.932695,
0.281,0.5,0.931883,
0.282,0.5,0.931063,
0.283,0.5,0.930235,
0.284,0.5,0.929398,
0.285,0.5,0.928554,
0.286,0.5,0.927701,
0.287,0.5,0.926839,
0.288,0.5,0.925969,
0.289,0.5,0.92509,
0.29,0.5,0.924202,
0.291,0.5,0.923305,
0.292,0.5,0.9224,
0.293,0.5,0.921485,
0.294,0.5,0.920561,
0.295,0.5,0.919627,
0.296,0.5,0.918684,
0.297,0.5,0.917731,
0.298,0.5,0.916768,
0.299,0.5,0.915796,
0.3,0.5,0.914813,
0.301,0.5,0.91382,
0.302,0.5,0.912817,
0.303,0.5,0.911803,
0.304,0.5,0.910778,
0.305,0.5,0.909743,
0.306,0.5,0.908696,
0.307,0.5,0.907638,
0.308,0.5,0.906569,
0.309,0.5,0.905488,
0.31,0.5,0.904395,
0.311,0.5,0.90329,
0.312,0.5,0.902173,
0.313,0.5,0.901044,
0.314,0.5,0.899902,
0.315,0.5,0.898747,
0.316,0.5,0.897579,
0.317,0.5,0.896397,
0.318,0.5,0.895202,
0.319,0.5,0.893993,
0.32,0.5,0.89277,
0.321,0.5,0.891533,
0.322,0.5,0.890281,
0.323,0.5,0.889014,
0.324,0.5,0.887731,
0.325,0.5,0.886433,
0.326,0.5,0.885119,
0.327,0.5,0.883789,
0.328,0.5,0.882442,
0.329,0.5,0.881078,
0.33,0.5,0.879696,
0.331,0.5,0.878297,
0.332,0.5,0.87688,
0.333,0.5,0.875444,
0.334,0.5,0.873989,
0.335,0.5,0.872514,
0.336,0.5,0.87102,
0.337,0.5,0.869504,
0.338,0.5,0.867968,
0.339,0.5,0.86641,
0.34,0.5,0.864831,
0.341,0.5,0.863228,
0.342,0.5,0.861602,
0.343,0.5,0.859952,
0.344,0.5,0.858277,
0.345,0.5,0.856577,
0.346,0.5,0.854851,
0.347,0.5,0.853097,
0.348,0.5,0.851317,
0.349,0.5,0.849507,
0.35,0.5,0.847668,
0.351,0.5,0.845799,
0.352,0.5,0.843898,
0.353,0.5,0.841965,
0.354,0.5,0.839999,
0.355,0.5,0.837997,
0.356,0.5,0.83596,
0.357,0.5,0.833886,
0.358,0.5,0.831774,
0.359,0.5,0.829621,
0.36,0.5,0.827428,
0.361,0.5,0.825191,
0.362,0.5,0.82291,
0.363,0.5,0.820582,
0.364,0.5,0.818207,
0.365,0.5,0.815781,
0.366,0.5,0.813303,
0.367,0.5,0.810771,
0.368,0.5,0.808183,
0.369,0.5,0.805535,
0.37,0.5,0.802826,
0.371,0.5,0.800053,
0.372,0.5,0.797212,
0.373,0.5,0.794302,
0.374,0.5,0.791319,
0.375,0.5,0.78826,
0.376,0.5,0.785121,
0.377,0.5,0.7819,
0.378,0.5,0.778592,
0.379,0.5,0.775195,
0.38,0.5,0.771705,
0.381,0.5,0.768118,
0.382,0.5,0.764432,
0.383,0.5,0.760642,
0.384,0.5,0.756748,
0.385,0.5,0.752745,
0.386,0.5,0.748632,
0.387,0.5,0.744407,
0.388,0.5,0.74007,
0.389,0.5,0.735621,
0.39,0.5,0.73106,
0.391,0.5,0.726389,
0.392,0.5,0.72161,
0.393,0.5,0.716725,
0.394,0.5,0.711738,
0.395,0.5,0.706654,
0.396,0.5,0.701477,
0.397,0.5,0.696212,
0.398,0.5,0.690863,
0.399,0.5,0.685436,
0.4,0.5,0.679936,
0.401,0.5,0.674367,
0.402,0.5,0.668735,
0.403,0.5,0.663044,
0.404,0.5,0.657299,
0.405,0.5,0.651503,
0.406,0.5,0.64566,
0.407,0.5,0.639773,
0.408,0.5,0.633847,
0.409,0.5,0.627883,
0.41,0.5,0.621885,
0.411,0.5,0.615856,
0.412,0.5,0.609797,
0.413,0.5,0.603711,
0.414,0.5,0.5976,
0.415,0.5,0.591466,
0.416,0.5,0.585311,
0.417,0.5,0.579137,
0.418,0.5,0.572945,
0.419,0.5,0.566737,
0.42,0.5,0.560514,
0.421,0.5,0.554279,
0.422,0.5,0.548031,
0.423,0.5,0.541774,
0.424,0.5,0.535507,
0.425,0.5,0.529232,
0.426,0.5,0.522951,
0.427,0.5,0.516665,
0.428,0.5,0.510374,
0.429,0.5,0.504081,
0.43,0.5,0.497785,
0.431,0.5,0.49149,
0.432,0.5,0.485194,
0.433,0.5,0.478901,
0.434,0.5,0.47261,
0.435,0.5,0.466324,
0.436,0.5,0.460043,
0.437,0.5,0.453768,
0.438,0.5,0.447502,
0.439,0.5,0.441244,
0.44,0.5,0.434996,
0.441,0.5,0.428761,
0.442,0.5,0.422538,
0.443,0.5,0.416329,
0.444,0.5,0.410136,
0.445,0.5,0.403961,
0.446,0.5,0.397804,
0.447,0.5,0.391667,
0.448,0.5,0.385552,
0.449,0.5,0.379461,
0.45,0.5,0.373394,
0.451,0.5,0.367355,
0.452,0.5,0.361344,
0.453,0.5,0.355365,
0.454,0.5,0.349417,
0.455,0.5,0.343505,
0.456,0.5,0.337629,
0.457,0.5,0.331793,
0.458,0.5,0.325997,
0.459,0.5,0.320245,
0.46,0.5,0.31454,
0.461,0.5,0.308882,
0.462,0.5,0.303276,
0.463,0.5,0.297724,
0.464,0.5,0.292228,
0.465,0.5,0.286792,
0.466,0.5,0.281418,
0.467,0.5,0.276108,
0.468,0.5,0.270867,
0.469,0.5,0.265696,
0.47,0.5,0.2606,
0.471,0.5,0.255579,
0.472,0.5,0.250639,
0.473,0.5,0.245782,
0.474,0.5,0.241009,
0.475,0.5,0.236325,
0.476,0.5,0.231731,
0.477,0.5,0.22723,
0.478,0.5,0.222823,
0.479,0.5,0.218514,
0.48,0.5,0.214302,
0.481,0.5,0.21019,
0.482,0.5,0.206179,
0.483,0.5,0.202268,
0.484,0.5,0.198458,
0.485,0.5,0.194749,
0.486,0.5,0.19114,
0.487,0.5,0.187629,
0.488,0.5,0.184216,
0.489,0.5,0.180898,
0.49,0.5,0.177673,
0.491,0.5,0.17454,
0.492,0.5,0.171494,
0.493,0.5,0.168535,
0.494,0.5,0.165659,
0.495,0.5,0.162863,
0.496,0.5,0.160144,
0.497,0.5,0.1575,
0.498,0.5,0.154927,
0.499,0.5,0.152423,
0.5,0.5,0.149985,
0.501,0.5,0.14761,
0.502,0.5,0.145297,
0.503,0.5,0.143042,
0.504,0.5,0.140842,
0.505,0.5,0.138697,
0.506,0.5,0.136604,
0.507,0.5,0.13456,
0.508,0.5,0.132563,
0.509,0.5,0.130613,
0.51,0.5,0.128707,
0.511,0.5,0.126843,
0.512,0.5,0.12502,
0.513,0.5,0.123237,
0.514,0.5,0.121491,
0.515,0.5,0.119782,
0.516,0.5,0.118108,
0.517,0.5,0.116468,
0.518,0.5,0.114861,
0.519,0.5,0.113286,
0.52,0.5,0.111741,
0.521,0.5,0.110227,
0.522,0.5,0.10874,
0.523,0.5,0.107282,
0.524,0.5,0.105851,
0.525,0.5,0.104445,
0.526,0.5,0.103065,
0.527,0.5,0.10171,
0.528,0.5,0.100378,
0.529,0.5,0.0990695,
0.53,0.5,0.0977835,
0.531,0.5,0.0965192,
0.532,0.5,0.0952761,
0.533,0.5,0.0940536,
0.534,0.5,0.092851,
0.535,0.5,0.0916682,
0.536,0.5,0.0905043,
0.537,0.5,0.0893588,
0.538,0.5,0.0882313,
0.539,0.5,0.0871216,
0.54,0.5,0.0860288,
0.541,0.5,0.0849528,
0.542,0.5,0.083893,
0.543,0.5,0.0828492,
0.544,0.5,0.0818208,
0.545,0.5,0.0808076,
0.546,0.5,0.0798091,
0.547,0.5,0.0788251,
0.548,0.5,0.0778552,
0.549,0.5,0.0768992,
0.55,0.5,0.0759566,
0.551,0.5,0.0750271,
0.552,0.5,0.0741106,
0.553,0.5,0.0732067,
0.554,0.5,0.0723152,
0.555,0.5,0.0714358,
0.556,0.5,0.0705681,
0.557,0.5,0.0697122,
0.558,0.5,0.0688676,
0.559,0.5,0.0680341,
0.56,0.5,0.0672115,
0.561,0.5,0.0663996,
0.562,0.5,0.0655982,
0.563,0.5,0.0648071,
0.564,0.5,0.064026,
0.565,0.5,0.0632549,
0.566,0.5,0.0624934,
0.567,0.5,0.0617415,
0.568,0.5,0.060999,
0.569,0.5,0.0602656,
0.57,0.5,0.0595412,
0.571,0.5,0.0588257,
0.572,0.5,0.0581189,
0.573,0.5,0.0574207,
0.574,0.5,0.0567308,
0.575,0.5,0.0560492,
0.576,0.5,0.0553757,
0.577,0.5,0.0547101,
0.578,0.5,0.0540525,
0.579,0.5,0.0534025,
0.58,0.5,0.0527601,
0.581,0.5,0.0521252,
0.582,0.5,0.0514976,
0.583,0.5,0.0508772,
0.584,0.5,0.050264,
0.585,0.5,0.0496577,
0.586,0.5,0.0490583,
0.587,0.5,0.0484658,
0.588,0.5,0.0478798,
0.589,0.5,0.0473005,
0.59,0.5,0.0467277,
0.591,0.5,0.0461612,
0.592,0.5,0.045601,
0.593,0.5,0.0450471,
0.594,0.5,0.0444992,
0.595,0.5,0.0439574,
0.596,0.5,0.0434215,
0.597,0.5,0.0428914,
0.598,0.5,0.0423671,
0.599,0.5,0.0418486,
0.6,0.5,0.0413356,
0.601,0.5,0.0408281,
0.602,0.5,0.0403262,
0.603,0.5,0.0398296,
0.604,0.5,0.0393383,
0.605,0.5,0.0388523,
0.606,0.5,0.0383714,
0.607,0.5,0.0378957,
0.608,0.5,0.037425,
0.609,0.5,0.0369593,
0.61,0.5,0.0364985,
0.611,0.5,0.0360426,
0.612,0.5,0.0355914,
0.613,0.5,0.035145,
0.614,0.5,0.0347033,
0.615,0.5,0.0342663,
0.616,0.5,0.0338338,
0.617,0.5,0.0334058,
0.618,0.5,0.0329822,
0.619,0.5,0.0325631,
0.62,0.5,0.0321484,
0.621,0.5,0.0317379,
0.622,0.5,0.0313317,
0.623,0.5,0.0309297,
0.624,0.5,0.0305319,
0.625,0.5,0.0301383,
0.626,0.5,0.0297486,
0.627,0.5,0.0293631,
0.628,0.5,0.0289815,
0.629,0.5,0.0286038,
0.63,0.5,0.0282301,
0.631,0.5,0.0278602,
0.632,0.5,0.0274942,
0.633,0.5,0.0271319,
0.634,0.5,0.0267734,
0.635,0.5,0.0264185,
0.636,0.5,0.0260674,
0.637,0.5,0.0257199,
0.638,0.5,0.0253759,
0.639,0.5,0.0250356,
0.64,0.5,0.0246987,
0.641,0.5,0.0243654,
0.642,0.5,0.0240355,
0.643,0.5,0.023709,
0.644,0.5,0.023386,
0.645,0.5,0.0230663,
0.646,0.5,0.0227499,
0.647,0.5,0.0224368,
0.648,0.5,0.022127,
0.649,0.5,0.0218204,
0.65,0.5,0.0215171,
0.651,0.5,0.0212169,
0.652,0.5,0.0209199,
0.653,0.5,0.020626,
0.654,0.5,0.0203352,
0.655,0.5,0.0200475,
0.656,0.5,0.0197629,
0.657,0.5,0.0194812,
0.658,0.5,0.0192026,
0.659,0.5,0.0189269,
0.66,0.5,0.0186542,
0.661,0.5,0.0183844,
0.662,0.5,0.0181174,
0.663,0.5,0.0178534,
0.664,0.5,0.0175922,
0.665,0.5,0.0173339,
0.666,0.5,0.0170783,
0.667,0.5,0.0168256,
0.668,0.5,0.0165756,
0.669,0.5,0.0163283,
0.67,0.5,0.0160838,
0.671,0.5,0.0158419,
0.672,0.5,0.0156027,
0.673,0.5,0.0153662,
0.674,0.5,0.0151324,
0.675,0.5,0.0149011,
0.676,0.5,0.0146724,
0.677,0.5,0.0144464,
0.678,0.5,0.0142228,
0.679,0.5,0.0140018,
0.68,0.5,0.0137834,
0.681,0.5,0.0135674,
0.682,0.5,0.013354,
0.683,0.5,0.0131429,
0.684,0.5,0.0129344,
0.685,0.5,0.0127282,
0.686,0.5,0.0125245,
0.687,0.5,0.0123232,
0.688,0.5,0.0121243,
0.689,0.5,0.0119277,
0.69,0.5,0.0117334,
0.691,0.5,0.0115415,
0.692,0.5,0.0113519,
0.693,0.5,0.0111646,
0.694,0.5,0.0109796,
0.695,0.5,0.0107968,
0.696,0.5,0.0106163,
0.697,0.5,0.010438,
0.698,0.5,0.0102619,
0.699,0.5,0.0100881,
0.7,0.5,0.00991637,
0.701,0.5,0.00974684,
0.702,0.5,0.00957946,
0.703,0.5,0.00941422,
0.704,0.5,0.00925109,
0.705,0.5,0.00909007,
0.706,0.5,0.00893114,
0.707,0.5,0.00877428,
0.708,0.5,0.00861948,
0.709,0.5,0.00846673,
0.71,0.5,0.008316,
0.711,0.5,0.00816729,
0.712,0.5,0.00802058,
0.713,0.5,0.00787585,
0.714,0.5,0.00773309,
0.715,0.5,0.00759228,
0.716,0.5,0.00745341,
0.717,0.5,0.00731646,
0.718,0.5,0.00718142,
0.719,0.5,0.00704828,
0.72,0.5,0.00691701,
0.721,0.5,0.00678761,
0.722,0.5,0.00666006,
0.723,0.5,0.00653434,
0.724,0.5,0.00641044,
0.725,0.5,0.00628835,
0.726,0.5,0.00616805,
0.727,0.5,0.00604952,
0.728,0.5,0.00593274,
0.729,0.5,0.00581772,
0.73,0.5,0.00570442,
0.731,0.5,0.00559284,
0.732,0.5,0.00548295,
0.733,0.5,0.00537476,
0.734,0.5,0.00526823,
0.735,0.5,0.00516335,
0.736,0.5,0.00506011,
0.737,0.5,0.0049585,
0.738,0.5,0.0048585,
0.739,0.5,0.00476009,
0.74,0.5,0.00466325,
0.741,0.5,0.00456798,
0.742,0.5,0.00447426,
0.743,0.5,0.00438207,
0.744,0.5,0.0042914,
0.745,0.5,0.00420222,
0.746,0.5,0.00411454,
0.747,0.5,0.00402832,
0.748,0.5,0.00394356,
0.749,0.5,0.00386024,
0.75,0.5,0.00377834,
0.751,0.5,0.00369785,
0.752,0.5,0.00361876,
0.753,0.5,0.00354104,
0.754,0.5,0.00346468,
0.755,0.5,0.00338967,
0.756,0.5,0.00331599,
0.757,0.5,0.00324363,
0.758,0.5,0.00317256,
0.759,0.5,0.00310278,
0.76,0.5,0.00303427,
0.761,0.5,0.00296701,
0.762,0.5,0.00290098,
0.763,0.5,0.00283618,
0.764,0.5,0.00277259,
0.765,0.5,0.00271018,
0.766,0.5,0.00264895,
0.767,0.5,0.00258888,
0.768,0.5,0.00252995,
0.769,0.5,0.00247216,
0.77,0.5,0.00241547,
0.771,0.5,0.00235989,
0.772,0.5,0.00230538,
0.773,0.5,0.00225195,
0.774,0.5,0.00219956,
0.775,0.5,0.00214821,
0.776,0.5,0.00209789,
0.777,0.5,0.00204857,
0.778,0.5,0.00200024,
0.779,0.5,0.00195289,
0.78,0.5,0.0019065,
0.781,0.5,0.00186106,
0.782,0.5,0.00181656,
0.783,0.5,0.00177297,
0.784,0.5,0.00173028,
0.785,0.5,0.00168849,
0.786,0.5,0.00164756,
0.787,0.5,0.0016075,
0.788,0.5,0.00156829,
0.789,0.5,0.00152991,
0.79,0.5,0.00149235,
0.791,0.5,0.00145559,
0.792,0.5,0.00141962,
0.793,0.5,0.00138443,
0.794,0.5,0.00135001,
0.795,0.5,0.00131633,
0.796,0.5,0.0012834,
0.797,0.5,0.00125118,
0.798,0.5,0.00121968,
0.799,0.5,0.00118888,
0.8,0.5,0.00115877,
0.801,0.5,0.00112933,
0.802,0.5,0.00110054,
0.803,0.5,0.00107241,
0.804,0.5,0.00104492,
0.805,0.5,0.00101805,
0.806,0.5,0.000991789,
0.807,0.5,0.000966133,
0.808,0.5,0.000941066,
0.809,0.5,0.000916578,
0.81,0.5,0.000892656,
0.811,0.5,0.00086929,
0.812,0.5,0.000846469,
0.813,0.5,0.000824183,
0.814,0.5,0.000802419,
0.815,0.5,0.000781169,
0.816,0.5,0.000760421,
0.817,0.5,0.000740165,
0.818,0.5,0.000720392,
0.819,0.5,0.000701091,
0.82,0.5,0.000682253,
0.821,0.5,0.000663868,
0.822,0.5,0.000645927,
0.823,0.5,0.00062842,
0.824,0.5,0.000611338,
0.825,0.5,0.000594672,
0.826,0.5,0.000578414,
0.827,0.5,0.000562554,
0.828,0.5,0.000547085,
0.829,0.5,0.000531997,
0.83,0.5,0.000517282,
0.831,0.5,0.000502933,
0.832,0.5,0.000488942,
0.833,0.5,0.0004753,
0.834,0.5,0.000462,
0.835,0.5,0.000449034,
0.836,0.5,0.000436395,
0.837,0.5,0.000424076,
0.838,0.5,0.00041207,
0.839,0.5,0.000400369,
0.84,0.5,0.000388966,
0.841,0.5,0.000377856,
0.842,0.5,0.000367031,
0.843,0.5,0.000356485,
0.844,0.5,0.000346211,
0.845,0.5,0.000336204,
0.846,0.5,0.000326457,
0.847,0.5,0.000316964,
0.848,0.5,0.00030772,
0.849,0.5,0.000298718,
0.85,0.5,0.000289953,
0.851,0.5,0.00028142,
0.852,0.5,0.000273113,
0.853,0.5,0.000265026,
0.854,0.5,0.000257155,
0.855,0.5,0.000249495,
0.856,0.5,0.00024204,
0.857,0.5,0.000234785,
0.858,0.5,0.000227727,
0.859,0.5,0.00022086,
0.86,0.5,0.000214179,
0.861,0.5,0.00020768,
0.862,0.5,0.00020136,
0.863,0.5,0.000195212,
0.864,0.5,0.000189234,
0.865,0.5,0.000183422,
0.866,0.5,0.00017777,
0.867,0.5,0.000172275,
0.868,0.5,0.000166934,
0.869,0.5,0.000161743,
0.87,0.5,0.000156697,
0.871,0.5,0.000151793,
0.872,0.5,0.000147029,
0.873,0.5,0.000142399,
0.874,0.5,0.000137901,
0.875,0.5,0.000133532,
0.876,0.5,0.000129289,
0.877,0.5,0.000125167,
0.878,0.5,0.000121165,
0.879,0.5,0.000117278,
0.88,0.5,0.000113505,
0.881,0.5,0.000109842,
0.882,0.5,0.000106286,
0.883,0.5,0.000102834,
0.884,0.5,9.94851e-05,
0.885,0.5,9.62349e-05,
0.886,0.5,9.30813e-05,
0.887,0.5,9.00219e-05,
0.888,0.5,8.7054e-05,
0.889,0.5,8.41753e-05,
0.89,0.5,8.13835e-05,
0.891,0.5,7.86762e-05,
0.892,0.5,7.60511e-05,
0.893,0.5,7.35061e-05,
0.894,0.5,7.1039e-05,
0.895,0.5,6.86476e-05,
0.896,0.5,6.633e-05,
0.897,0.5,6.40841e-05,
0.898,0.5,6.19079e-05,
0.899,0.5,5.97996e-05,
0.9,0.5,5.77572e-05,
0.901,0.5,5.57789e-05,
0.902,0.5,5.3863e-05,
0.903,0.5,5.20076e-05,
0.904,0.5,5.02111e-05,
0.905,0.5,4.84719e-05,
0.906,0.5,4.67882e-05,
0.907,0.5,4.51585e-05,
0.908,0.5,4.35813e-05,
0.909,0.5,4.20551e-05,
0.91,0.5,4.05783e-05,
0.911,0.5,3.91496e-05,
0.912,0.5,3.77675e-05,
0.913,0.5,3.64307e-05,
0.914,0.5,3.51379e-05,
0.915,0.5,3.38877e-05,
0.916,0.5,3.26788e-05,
0.917,0.5,3.15102e-05,
0.918,0.5,3.03805e-05,
0.919,0.5,2.92885e-05,
0.92,0.5,2.82332e-05,
0.921,0.5,2.72134e-05,
0.922,0.5,2.62281e-05,
0.923,0.5,2.52762e-05,
0.924,0.5,2.43566e-05,
0.925,0.5,2.34683e-05,
0.926,0.5,2.26105e-05,
0.927,0.5,2.17821e-05,
0.928,0.5,2.09823e-05,
0.929,0.5,2.021e-05,
0.93,0.5,1.94645e-05,
0.931,0.5,1.8745e-05,
0.932,0.5,1.80505e-05,
0.933,0.5,1.73802e-05,
0.934,0.5,1.67335e-05,
0.935,0.5,1.61096e-05,
0.936,0.5,1.55076e-05,
0.937,0.5,1.4927e-05,
0.938,0.5,1.43669e-05,
0.939,0.5,1.38268e-05,
0.94,0.5,1.33059e-05,
0.941,0.5,1.28037e-05,
0.942,0.5,1.23195e-05,
0.943,0.5,1.18527e-05,
0.944,0.5,1.14027e-05,
0.945,0.5,1.0969e-05,
0.946,0.5,1.05511e-05,
0.947,0.5,1.01483e-05,
0.948,0.5,9.76023e-06,
0.949,0.5,9.38632e-06,
0.95,0.5,9.02612e-06,
0.951,0.5,8.67914e-06,
0.952,0.5,8.34493e-06,
0.953,0.5,8.02305e-06,
0.954,0.5,7.71308e-06,
0.955,0.5,7.4146e-06,
0.956,0.5,7.12721e-06,
0.957,0.5,6.85053e-06,
0.958,0.5,6.58417e-06,
0.959,0.5,6.32778e-06,
0.96,0.5,6.081e-06,
0.961,0.5,5.84349e-06,
0.962,0.5,5.61492e-06,
0.963,0.5,5.39498e-06,
0.964,0.5,5.18336e-06,
0.965,0.5,4.97975e-06,
0.966,0.5,4.78387e-06,
0.967,0.5,4.59544e-06,
0.968,0.5,4.4142e-06,
0.969,0.5,4.23987e-06,
0.97,0.5,4.07222e-06,
0.971,0.5,3.91099e-06,
0.972,0.5,3.75595e-06,
0.973,0.5,3.60687e-06,
0.974,0.5,3.46354e-06,
0.975,0.5,3.32575e-06,
0.976,0.5,3.19328e-06,
0.977,0.5,3.06594e-06,
0.978,0.5,2.94355e-06,
0.979,0.5,2.82591e-06,
0.98,0.5,2.71285e-06,
0.981,0.5,2.6042e-06,
0.982,0.5,2.49979e-06,
0.983,0.5,2.39947e-06,
0.984,0.5,2.30307e-06,
0.985,0.5,2.21046e-06,
0.986,0.5,2.12149e-06,
0.987,0.5,2.03601e-06,
0.988,0.5,1.95391e-06,
0.989,0.5,1.87504e-06,
0.99,0.5,1.79929e-06,
0.991,0.5,1.72654e-06,
0.992,0.5,1.65667e-06,
0.993,0.5,1.58957e-06,
0.994,0.5,1.52514e-06,
0.995,0.5,1.46326e-06,
0.996,0.5,1.40386e-06,
0.997,0.5,1.34682e-06,
0.998,0.5,1.29205e-06,
0.999,0.5,1.23948e-06