12:*******************************************,
DC Transfer Curves,
Thu Nov 10 09:10:43 2022,
Input file: \\tsclient\C\Users\espen\Repositories\TFE4152\TFE4152-Memory-Array\AIM-Spice\not_tb.cir,
sweep [V],v(ref) [V],v(out) [V],
0,0.5,0.999706,
0.001,0.5,0.999701,
0.002,0.5,0.999695,
0.003,0.5,0.99969,
0.004,0.5,0.999684,
0.005,0.5,0.999678,
0.006,0.5,0.999672,
0.007,0.5,0.999666,
0.008,0.5,0.99966,
0.009,0.5,0.999654,
0.01,0.5,0.999648,
0.011,0.5,0.999642,
0.012,0.5,0.999635,
0.013,0.5,0.999629,
0.014,0.5,0.999622,
0.015,0.5,0.999615,
0.016,0.5,0.999608,
0.017,0.5,0.999601,
0.018,0.5,0.999594,
0.019,0.5,0.999586,
0.02,0.5,0.999579,
0.021,0.5,0.999571,
0.022,0.5,0.999564,
0.023,0.5,0.999556,
0.024,0.5,0.999548,
0.025,0.5,0.99954,
0.026,0.5,0.999531,
0.027,0.5,0.999523,
0.028,0.5,0.999514,
0.029,0.5,0.999506,
0.03,0.5,0.999497,
0.031,0.5,0.999488,
0.032,0.5,0.999479,
0.033,0.5,0.999469,
0.034,0.5,0.99946,
0.035,0.5,0.99945,
0.036,0.5,0.99944,
0.037,0.5,0.99943,
0.038,0.5,0.99942,
0.039,0.5,0.99941,
0.04,0.5,0.999399,
0.041,0.5,0.999388,
0.042,0.5,0.999377,
0.043,0.5,0.999366,
0.044,0.5,0.999355,
0.045,0.5,0.999343,
0.046,0.5,0.999332,
0.047,0.5,0.99932,
0.048,0.5,0.999308,
0.049,0.5,0.999295,
0.05,0.5,0.999283,
0.051,0.5,0.99927,
0.052,0.5,0.999257,
0.053,0.5,0.999244,
0.054,0.5,0.999231,
0.055,0.5,0.999217,
0.056,0.5,0.999203,
0.057,0.5,0.999189,
0.058,0.5,0.999174,
0.059,0.5,0.99916,
0.06,0.5,0.999145,
0.061,0.5,0.99913,
0.062,0.5,0.999114,
0.063,0.5,0.999099,
0.064,0.5,0.999083,
0.065,0.5,0.999067,
0.066,0.5,0.99905,
0.067,0.5,0.999033,
0.068,0.5,0.999016,
0.069,0.5,0.998999,
0.07,0.5,0.998981,
0.071,0.5,0.998964,
0.072,0.5,0.998945,
0.073,0.5,0.998927,
0.074,0.5,0.998908,
0.075,0.5,0.998889,
0.076,0.5,0.998869,
0.077,0.5,0.998849,
0.078,0.5,0.998829,
0.079,0.5,0.998809,
0.08,0.5,0.998788,
0.081,0.5,0.998767,
0.082,0.5,0.998745,
0.083,0.5,0.998723,
0.084,0.5,0.998701,
0.085,0.5,0.998678,
0.086,0.5,0.998655,
0.087,0.5,0.998632,
0.088,0.5,0.998608,
0.089,0.5,0.998584,
0.09,0.5,0.998559,
0.091,0.5,0.998534,
0.092,0.5,0.998509,
0.093,0.5,0.998483,
0.094,0.5,0.998457,
0.095,0.5,0.99843,
0.096,0.5,0.998403,
0.097,0.5,0.998375,
0.098,0.5,0.998347,
0.099,0.5,0.998319,
0.1,0.5,0.99829,
0.101,0.5,0.998261,
0.102,0.5,0.998231,
0.103,0.5,0.9982,
0.104,0.5,0.998169,
0.105,0.5,0.998138,
0.106,0.5,0.998106,
0.107,0.5,0.998074,
0.108,0.5,0.998041,
0.109,0.5,0.998007,
0.11,0.5,0.997973,
0.111,0.5,0.997939,
0.112,0.5,0.997904,
0.113,0.5,0.997868,
0.114,0.5,0.997832,
0.115,0.5,0.997795,
0.116,0.5,0.997758,
0.117,0.5,0.99772,
0.118,0.5,0.997681,
0.119,0.5,0.997642,
0.12,0.5,0.997602,
0.121,0.5,0.997562,
0.122,0.5,0.997521,
0.123,0.5,0.997479,
0.124,0.5,0.997437,
0.125,0.5,0.997394,
0.126,0.5,0.99735,
0.127,0.5,0.997306,
0.128,0.5,0.997261,
0.129,0.5,0.997215,
0.13,0.5,0.997169,
0.131,0.5,0.997121,
0.132,0.5,0.997074,
0.133,0.5,0.997025,
0.134,0.5,0.996976,
0.135,0.5,0.996926,
0.136,0.5,0.996875,
0.137,0.5,0.996823,
0.138,0.5,0.996771,
0.139,0.5,0.996718,
0.14,0.5,0.996664,
0.141,0.5,0.996609,
0.142,0.5,0.996554,
0.143,0.5,0.996497,
0.144,0.5,0.99644,
0.145,0.5,0.996382,
0.146,0.5,0.996323,
0.147,0.5,0.996263,
0.148,0.5,0.996203,
0.149,0.5,0.996141,
0.15,0.5,0.996079,
0.151,0.5,0.996015,
0.152,0.5,0.995951,
0.153,0.5,0.995886,
0.154,0.5,0.99582,
0.155,0.5,0.995753,
0.156,0.5,0.995685,
0.157,0.5,0.995616,
0.158,0.5,0.995546,
0.159,0.5,0.995475,
0.16,0.5,0.995403,
0.161,0.5,0.99533,
0.162,0.5,0.995256,
0.163,0.5,0.995181,
0.164,0.5,0.995105,
0.165,0.5,0.995028,
0.166,0.5,0.99495,
0.167,0.5,0.994871,
0.168,0.5,0.99479,
0.169,0.5,0.994709,
0.17,0.5,0.994626,
0.171,0.5,0.994543,
0.172,0.5,0.994458,
0.173,0.5,0.994372,
0.174,0.5,0.994285,
0.175,0.5,0.994196,
0.176,0.5,0.994107,
0.177,0.5,0.994016,
0.178,0.5,0.993925,
0.179,0.5,0.993831,
0.18,0.5,0.993737,
0.181,0.5,0.993642,
0.182,0.5,0.993545,
0.183,0.5,0.993447,
0.184,0.5,0.993348,
0.185,0.5,0.993247,
0.186,0.5,0.993145,
0.187,0.5,0.993042,
0.188,0.5,0.992937,
0.189,0.5,0.992832,
0.19,0.5,0.992724,
0.191,0.5,0.992616,
0.192,0.5,0.992506,
0.193,0.5,0.992395,
0.194,0.5,0.992282,
0.195,0.5,0.992168,
0.196,0.5,0.992052,
0.197,0.5,0.991935,
0.198,0.5,0.991817,
0.199,0.5,0.991697,
0.2,0.5,0.991576,
0.201,0.5,0.991453,
0.202,0.5,0.991329,
0.203,0.5,0.991203,
0.204,0.5,0.991076,
0.205,0.5,0.990947,
0.206,0.5,0.990817,
0.207,0.5,0.990685,
0.208,0.5,0.990551,
0.209,0.5,0.990416,
0.21,0.5,0.99028,
0.211,0.5,0.990141,
0.212,0.5,0.990002,
0.213,0.5,0.98986,
0.214,0.5,0.989717,
0.215,0.5,0.989572,
0.216,0.5,0.989426,
0.217,0.5,0.989278,
0.218,0.5,0.989128,
0.219,0.5,0.988976,
0.22,0.5,0.988823,
0.221,0.5,0.988668,
0.222,0.5,0.988512,
0.223,0.5,0.988353,
0.224,0.5,0.988193,
0.225,0.5,0.988031,
0.226,0.5,0.987867,
0.227,0.5,0.987702,
0.228,0.5,0.987534,
0.229,0.5,0.987365,
0.23,0.5,0.987194,
0.231,0.5,0.987021,
0.232,0.5,0.986846,
0.233,0.5,0.986669,
0.234,0.5,0.986491,
0.235,0.5,0.98631,
0.236,0.5,0.986128,
0.237,0.5,0.985944,
0.238,0.5,0.985757,
0.239,0.5,0.985569,
0.24,0.5,0.985379,
0.241,0.5,0.985187,
0.242,0.5,0.984992,
0.243,0.5,0.984796,
0.244,0.5,0.984598,
0.245,0.5,0.984397,
0.246,0.5,0.984195,
0.247,0.5,0.983991,
0.248,0.5,0.983784,
0.249,0.5,0.983575,
0.25,0.5,0.983365,
0.251,0.5,0.983152,
0.252,0.5,0.982937,
0.253,0.5,0.98272,
0.254,0.5,0.9825,
0.255,0.5,0.982279,
0.256,0.5,0.982055,
0.257,0.5,0.981829,
0.258,0.5,0.981601,
0.259,0.5,0.98137,
0.26,0.5,0.981138,
0.261,0.5,0.980903,
0.262,0.5,0.980665,
0.263,0.5,0.980426,
0.264,0.5,0.980184,
0.265,0.5,0.97994,
0.266,0.5,0.979693,
0.267,0.5,0.979444,
0.268,0.5,0.979193,
0.269,0.5,0.978939,
0.27,0.5,0.978683,
0.271,0.5,0.978425,
0.272,0.5,0.978164,
0.273,0.5,0.9779,
0.274,0.5,0.977635,
0.275,0.5,0.977366,
0.276,0.5,0.977095,
0.277,0.5,0.976822,
0.278,0.5,0.976546,
0.279,0.5,0.976267,
0.28,0.5,0.975986,
0.281,0.5,0.975703,
0.282,0.5,0.975416,
0.283,0.5,0.975127,
0.284,0.5,0.974836,
0.285,0.5,0.974542,
0.286,0.5,0.974245,
0.287,0.5,0.973945,
0.288,0.5,0.973643,
0.289,0.5,0.973337,
0.29,0.5,0.97303,
0.291,0.5,0.972719,
0.292,0.5,0.972405,
0.293,0.5,0.972089,
0.294,0.5,0.97177,
0.295,0.5,0.971448,
0.296,0.5,0.971123,
0.297,0.5,0.970796,
0.298,0.5,0.970465,
0.299,0.5,0.970131,
0.3,0.5,0.969795,
0.301,0.5,0.969455,
0.302,0.5,0.969112,
0.303,0.5,0.968767,
0.304,0.5,0.968418,
0.305,0.5,0.968066,
0.306,0.5,0.967711,
0.307,0.5,0.967353,
0.308,0.5,0.966992,
0.309,0.5,0.966628,
0.31,0.5,0.96626,
0.311,0.5,0.96589,
0.312,0.5,0.965515,
0.313,0.5,0.965138,
0.314,0.5,0.964758,
0.315,0.5,0.964374,
0.316,0.5,0.963986,
0.317,0.5,0.963595,
0.318,0.5,0.963201,
0.319,0.5,0.962804,
0.32,0.5,0.962403,
0.321,0.5,0.961998,
0.322,0.5,0.96159,
0.323,0.5,0.961178,
0.324,0.5,0.960763,
0.325,0.5,0.960344,
0.326,0.5,0.959921,
0.327,0.5,0.959495,
0.328,0.5,0.959065,
0.329,0.5,0.958631,
0.33,0.5,0.958193,
0.331,0.5,0.957752,
0.332,0.5,0.957306,
0.333,0.5,0.956857,
0.334,0.5,0.956404,
0.335,0.5,0.955947,
0.336,0.5,0.955485,
0.337,0.5,0.95502,
0.338,0.5,0.95455,
0.339,0.5,0.954077,
0.34,0.5,0.953599,
0.341,0.5,0.953117,
0.342,0.5,0.952631,
0.343,0.5,0.95214,
0.344,0.5,0.951645,
0.345,0.5,0.951145,
0.346,0.5,0.950641,
0.347,0.5,0.950133,
0.348,0.5,0.94962,
0.349,0.5,0.949102,
0.35,0.5,0.94858,
0.351,0.5,0.948053,
0.352,0.5,0.947521,
0.353,0.5,0.946984,
0.354,0.5,0.946443,
0.355,0.5,0.945896,
0.356,0.5,0.945345,
0.357,0.5,0.944788,
0.358,0.5,0.944227,
0.359,0.5,0.94366,
0.36,0.5,0.943088,
0.361,0.5,0.94251,
0.362,0.5,0.941927,
0.363,0.5,0.941339,
0.364,0.5,0.940745,
0.365,0.5,0.940146,
0.366,0.5,0.939541,
0.367,0.5,0.93893,
0.368,0.5,0.938313,
0.369,0.5,0.937691,
0.37,0.5,0.937062,
0.371,0.5,0.936428,
0.372,0.5,0.935787,
0.373,0.5,0.93514,
0.374,0.5,0.934487,
0.375,0.5,0.933827,
0.376,0.5,0.933161,
0.377,0.5,0.932488,
0.378,0.5,0.931809,
0.379,0.5,0.931122,
0.38,0.5,0.930429,
0.381,0.5,0.929729,
0.382,0.5,0.929022,
0.383,0.5,0.928307,
0.384,0.5,0.927585,
0.385,0.5,0.926856,
0.386,0.5,0.926119,
0.387,0.5,0.925375,
0.388,0.5,0.924622,
0.389,0.5,0.923862,
0.39,0.5,0.923094,
0.391,0.5,0.922317,
0.392,0.5,0.921532,
0.393,0.5,0.920738,
0.394,0.5,0.919936,
0.395,0.5,0.919125,
0.396,0.5,0.918305,
0.397,0.5,0.917476,
0.398,0.5,0.916638,
0.399,0.5,0.91579,
0.4,0.5,0.914933,
0.401,0.5,0.914065,
0.402,0.5,0.913188,
0.403,0.5,0.9123,
0.404,0.5,0.911402,
0.405,0.5,0.910494,
0.406,0.5,0.909574,
0.407,0.5,0.908644,
0.408,0.5,0.907702,
0.409,0.5,0.906749,
0.41,0.5,0.905783,
0.411,0.5,0.904806,
0.412,0.5,0.903817,
0.413,0.5,0.902815,
0.414,0.5,0.9018,
0.415,0.5,0.900772,
0.416,0.5,0.89973,
0.417,0.5,0.898675,
0.418,0.5,0.897606,
0.419,0.5,0.896522,
0.42,0.5,0.895424,
0.421,0.5,0.89431,
0.422,0.5,0.893181,
0.423,0.5,0.892036,
0.424,0.5,0.890875,
0.425,0.5,0.889697,
0.426,0.5,0.888501,
0.427,0.5,0.887288,
0.428,0.5,0.886057,
0.429,0.5,0.884808,
0.43,0.5,0.883539,
0.431,0.5,0.88225,
0.432,0.5,0.880941,
0.433,0.5,0.879612,
0.434,0.5,0.87826,
0.435,0.5,0.876887,
0.436,0.5,0.875491,
0.437,0.5,0.874071,
0.438,0.5,0.872627,
0.439,0.5,0.871157,
0.44,0.5,0.869662,
0.441,0.5,0.86814,
0.442,0.5,0.86659,
0.443,0.5,0.865011,
0.444,0.5,0.863402,
0.445,0.5,0.861763,
0.446,0.5,0.860091,
0.447,0.5,0.858387,
0.448,0.5,0.856647,
0.449,0.5,0.854872,
0.45,0.5,0.85306,
0.451,0.5,0.851208,
0.452,0.5,0.849316,
0.453,0.5,0.847382,
0.454,0.5,0.845404,
0.455,0.5,0.84338,
0.456,0.5,0.841308,
0.457,0.5,0.839186,
0.458,0.5,0.837011,
0.459,0.5,0.834781,
0.46,0.5,0.832494,
0.461,0.5,0.830146,
0.462,0.5,0.827735,
0.463,0.5,0.825257,
0.464,0.5,0.82271,
0.465,0.5,0.820089,
0.466,0.5,0.817391,
0.467,0.5,0.814613,
0.468,0.5,0.811749,
0.469,0.5,0.808796,
0.47,0.5,0.805749,
0.471,0.5,0.802605,
0.472,0.5,0.799358,
0.473,0.5,0.796005,
0.474,0.5,0.79254,
0.475,0.5,0.788961,
0.476,0.5,0.785261,
0.477,0.5,0.78144,
0.478,0.5,0.777493,
0.479,0.5,0.773419,
0.48,0.5,0.769216,
0.481,0.5,0.764884,
0.482,0.5,0.760423,
0.483,0.5,0.755836,
0.484,0.5,0.751124,
0.485,0.5,0.746292,
0.486,0.5,0.741342,
0.487,0.5,0.736282,
0.488,0.5,0.731115,
0.489,0.5,0.725848,
0.49,0.5,0.720487,
0.491,0.5,0.715038,
0.492,0.5,0.709507,
0.493,0.5,0.703899,
0.494,0.5,0.698221,
0.495,0.5,0.692477,
0.496,0.5,0.686672,
0.497,0.5,0.680812,
0.498,0.5,0.674899,
0.499,0.5,0.66894,
0.5,0.5,0.662937,
0.501,0.5,0.656893,
0.502,0.5,0.650812,
0.503,0.5,0.644698,
0.504,0.5,0.638552,
0.505,0.5,0.632378,
0.506,0.5,0.626177,
0.507,0.5,0.619953,
0.508,0.5,0.613708,
0.509,0.5,0.607443,
0.51,0.5,0.60116,
0.511,0.5,0.594862,
0.512,0.5,0.588551,
0.513,0.5,0.582227,
0.514,0.5,0.575894,
0.515,0.5,0.569551,
0.516,0.5,0.563202,
0.517,0.5,0.556848,
0.518,0.5,0.550489,
0.519,0.5,0.544128,
0.52,0.5,0.537767,
0.521,0.5,0.531405,
0.522,0.5,0.525046,
0.523,0.5,0.518691,
0.524,0.5,0.51234,
0.525,0.5,0.505995,
0.526,0.5,0.499658,
0.527,0.5,0.493331,
0.528,0.5,0.487014,
0.529,0.5,0.480709,
0.53,0.5,0.474417,
0.531,0.5,0.468141,
0.532,0.5,0.461881,
0.533,0.5,0.455639,
0.534,0.5,0.449417,
0.535,0.5,0.443216,
0.536,0.5,0.437038,
0.537,0.5,0.430884,
0.538,0.5,0.424757,
0.539,0.5,0.418657,
0.54,0.5,0.412587,
0.541,0.5,0.406548,
0.542,0.5,0.400543,
0.543,0.5,0.394573,
0.544,0.5,0.38864,
0.545,0.5,0.382747,
0.546,0.5,0.376895,
0.547,0.5,0.371087,
0.548,0.5,0.365324,
0.549,0.5,0.359609,
0.55,0.5,0.353946,
0.551,0.5,0.348334,
0.552,0.5,0.342779,
0.553,0.5,0.33728,
0.554,0.5,0.331844,
0.555,0.5,0.32647,
0.556,0.5,0.321162,
0.557,0.5,0.315923,
0.558,0.5,0.310755,
0.559,0.5,0.305662,
0.56,0.5,0.300646,
0.561,0.5,0.295709,
0.562,0.5,0.290855,
0.563,0.5,0.286084,
0.564,0.5,0.281399,
0.565,0.5,0.276802,
0.566,0.5,0.272295,
0.567,0.5,0.267877,
0.568,0.5,0.26355,
0.569,0.5,0.259313,
0.57,0.5,0.255167,
0.571,0.5,0.251111,
0.572,0.5,0.247143,
0.573,0.5,0.243263,
0.574,0.5,0.239469,
0.575,0.5,0.235759,
0.576,0.5,0.232131,
0.577,0.5,0.228584,
0.578,0.5,0.225114,
0.579,0.5,0.221721,
0.58,0.5,0.218401,
0.581,0.5,0.215152,
0.582,0.5,0.211973,
0.583,0.5,0.20886,
0.584,0.5,0.205813,
0.585,0.5,0.202828,
0.586,0.5,0.199903,
0.587,0.5,0.197038,
0.588,0.5,0.194229,
0.589,0.5,0.191475,
0.59,0.5,0.188774,
0.591,0.5,0.186124,
0.592,0.5,0.183525,
0.593,0.5,0.180973,
0.594,0.5,0.178469,
0.595,0.5,0.17601,
0.596,0.5,0.173594,
0.597,0.5,0.171221,
0.598,0.5,0.16889,
0.599,0.5,0.166599,
0.6,0.5,0.164347,
0.601,0.5,0.162133,
0.602,0.5,0.159955,
0.603,0.5,0.157814,
0.604,0.5,0.155707,
0.605,0.5,0.153634,
0.606,0.5,0.151594,
0.607,0.5,0.149586,
0.608,0.5,0.14761,
0.609,0.5,0.145664,
0.61,0.5,0.143748,
0.611,0.5,0.141861,
0.612,0.5,0.140002,
0.613,0.5,0.138171,
0.614,0.5,0.136366,
0.615,0.5,0.134588,
0.616,0.5,0.132836,
0.617,0.5,0.131109,
0.618,0.5,0.129407,
0.619,0.5,0.127728,
0.62,0.5,0.126073,
0.621,0.5,0.124441,
0.622,0.5,0.122832,
0.623,0.5,0.121245,
0.624,0.5,0.119679,
0.625,0.5,0.118134,
0.626,0.5,0.11661,
0.627,0.5,0.115106,
0.628,0.5,0.113622,
0.629,0.5,0.112158,
0.63,0.5,0.110713,
0.631,0.5,0.109286,
0.632,0.5,0.107878,
0.633,0.5,0.106488,
0.634,0.5,0.105116,
0.635,0.5,0.103761,
0.636,0.5,0.102423,
0.637,0.5,0.101102,
0.638,0.5,0.0997977,
0.639,0.5,0.0985093,
0.64,0.5,0.0972369,
0.641,0.5,0.0959801,
0.642,0.5,0.0947388,
0.643,0.5,0.0935125,
0.644,0.5,0.0923012,
0.645,0.5,0.0911045,
0.646,0.5,0.0899222,
0.647,0.5,0.088754,
0.648,0.5,0.0875998,
0.649,0.5,0.0864594,
0.65,0.5,0.0853325,
0.651,0.5,0.0842189,
0.652,0.5,0.0831185,
0.653,0.5,0.0820309,
0.654,0.5,0.0809561,
0.655,0.5,0.0798938,
0.656,0.5,0.078844,
0.657,0.5,0.0778063,
0.658,0.5,0.0767806,
0.659,0.5,0.0757667,
0.66,0.5,0.0747646,
0.661,0.5,0.073774,
0.662,0.5,0.0727947,
0.663,0.5,0.0718267,
0.664,0.5,0.0708697,
0.665,0.5,0.0699236,
0.666,0.5,0.0689883,
0.667,0.5,0.0680637,
0.668,0.5,0.0671496,
0.669,0.5,0.0662458,
0.67,0.5,0.0653522,
0.671,0.5,0.0644688,
0.672,0.5,0.0635954,
0.673,0.5,0.0627318,
0.674,0.5,0.061878,
0.675,0.5,0.0610338,
0.676,0.5,0.0601991,
0.677,0.5,0.0593739,
0.678,0.5,0.0585579,
0.679,0.5,0.0577511,
0.68,0.5,0.0569534,
0.681,0.5,0.0561646,
0.682,0.5,0.0553848,
0.683,0.5,0.0546137,
0.684,0.5,0.0538513,
0.685,0.5,0.0530975,
0.686,0.5,0.0523522,
0.687,0.5,0.0516153,
0.688,0.5,0.0508867,
0.689,0.5,0.0501663,
0.69,0.5,0.0494541,
0.691,0.5,0.0487499,
0.692,0.5,0.0480537,
0.693,0.5,0.0473654,
0.694,0.5,0.0466848,
0.695,0.5,0.0460121,
0.696,0.5,0.0453469,
0.697,0.5,0.0446894,
0.698,0.5,0.0440393,
0.699,0.5,0.0433967,
0.7,0.5,0.0427615,
0.701,0.5,0.0421335,
0.702,0.5,0.0415127,
0.703,0.5,0.0408991,
0.704,0.5,0.0402926,
0.705,0.5,0.0396931,
0.706,0.5,0.0391005,
0.707,0.5,0.0385148,
0.708,0.5,0.037936,
0.709,0.5,0.0373639,
0.71,0.5,0.0367984,
0.711,0.5,0.0362397,
0.712,0.5,0.0356875,
0.713,0.5,0.0351418,
0.714,0.5,0.0346025,
0.715,0.5,0.0340697,
0.716,0.5,0.0335432,
0.717,0.5,0.033023,
0.718,0.5,0.032509,
0.719,0.5,0.0320012,
0.72,0.5,0.0314996,
0.721,0.5,0.031004,
0.722,0.5,0.0305144,
0.723,0.5,0.0300308,
0.724,0.5,0.029553,
0.725,0.5,0.0290812,
0.726,0.5,0.0286152,
0.727,0.5,0.0281549,
0.728,0.5,0.0277003,
0.729,0.5,0.0272514,
0.73,0.5,0.0268081,
0.731,0.5,0.0263704,
0.732,0.5,0.0259382,
0.733,0.5,0.0255115,
0.734,0.5,0.0250902,
0.735,0.5,0.0246742,
0.736,0.5,0.0242637,
0.737,0.5,0.0238584,
0.738,0.5,0.0234583,
0.739,0.5,0.0230634,
0.74,0.5,0.0226737,
0.741,0.5,0.0222891,
0.742,0.5,0.0219096,
0.743,0.5,0.0215351,
0.744,0.5,0.0211655,
0.745,0.5,0.0208009,
0.746,0.5,0.0204412,
0.747,0.5,0.0200864,
0.748,0.5,0.0197363,
0.749,0.5,0.019391,
0.75,0.5,0.0190505,
0.751,0.5,0.0187146,
0.752,0.5,0.0183833,
0.753,0.5,0.0180567,
0.754,0.5,0.0177346,
0.755,0.5,0.0174171,
0.756,0.5,0.017104,
0.757,0.5,0.0167953,
0.758,0.5,0.016491,
0.759,0.5,0.0161911,
0.76,0.5,0.0158955,
0.761,0.5,0.0156042,
0.762,0.5,0.0153171,
0.763,0.5,0.0150342,
0.764,0.5,0.0147555,
0.765,0.5,0.0144809,
0.766,0.5,0.0142103,
0.767,0.5,0.0139438,
0.768,0.5,0.0136813,
0.769,0.5,0.0134227,
0.77,0.5,0.0131681,
0.771,0.5,0.0129173,
0.772,0.5,0.0126704,
0.773,0.5,0.0124273,
0.774,0.5,0.0121879,
0.775,0.5,0.0119523,
0.776,0.5,0.0117204,
0.777,0.5,0.0114921,
0.778,0.5,0.0112674,
0.779,0.5,0.0110463,
0.78,0.5,0.0108287,
0.781,0.5,0.0106146,
0.782,0.5,0.010404,
0.783,0.5,0.0101968,
0.784,0.5,0.00999298,
0.785,0.5,0.0097925,
0.786,0.5,0.00959533,
0.787,0.5,0.00940143,
0.788,0.5,0.00921076,
0.789,0.5,0.00902328,
0.79,0.5,0.00883897,
0.791,0.5,0.00865777,
0.792,0.5,0.00847965,
0.793,0.5,0.00830459,
0.794,0.5,0.00813253,
0.795,0.5,0.00796345,
0.796,0.5,0.0077973,
0.797,0.5,0.00763405,
0.798,0.5,0.00747367,
0.799,0.5,0.00731612,
0.8,0.5,0.00716136,
0.801,0.5,0.00700936,
0.802,0.5,0.00686007,
0.803,0.5,0.00671348,
0.804,0.5,0.00656953,
0.805,0.5,0.0064282,
0.806,0.5,0.00628945,
0.807,0.5,0.00615325,
0.808,0.5,0.00601955,
0.809,0.5,0.00588833,
0.81,0.5,0.00575956,
0.811,0.5,0.00563319,
0.812,0.5,0.0055092,
0.813,0.5,0.00538755,
0.814,0.5,0.0052682,
0.815,0.5,0.00515113,
0.816,0.5,0.0050363,
0.817,0.5,0.00492367,
0.818,0.5,0.00481322,
0.819,0.5,0.00470492,
0.82,0.5,0.00459872,
0.821,0.5,0.0044946,
0.822,0.5,0.00439253,
0.823,0.5,0.00429248,
0.824,0.5,0.00419441,
0.825,0.5,0.00409829,
0.826,0.5,0.00400409,
0.827,0.5,0.00391179,
0.828,0.5,0.00382135,
0.829,0.5,0.00373274,
0.83,0.5,0.00364593,
0.831,0.5,0.0035609,
0.832,0.5,0.00347761,
0.833,0.5,0.00339603,
0.834,0.5,0.00331614,
0.835,0.5,0.00323791,
0.836,0.5,0.0031613,
0.837,0.5,0.0030863,
0.838,0.5,0.00301288,
0.839,0.5,0.002941,
0.84,0.5,0.00287064,
0.841,0.5,0.00280178,
0.842,0.5,0.00273439,
0.843,0.5,0.00266843,
0.844,0.5,0.0026039,
0.845,0.5,0.00254075,
0.846,0.5,0.00247897,
0.847,0.5,0.00241854,
0.848,0.5,0.00235942,
0.849,0.5,0.00230159,
0.85,0.5,0.00224503,
0.851,0.5,0.00218972,
0.852,0.5,0.00213563,
0.853,0.5,0.00208274,
0.854,0.5,0.00203102,
0.855,0.5,0.00198046,
0.856,0.5,0.00193103,
0.857,0.5,0.00188272,
0.858,0.5,0.00183549,
0.859,0.5,0.00178933,
0.86,0.5,0.00174422,
0.861,0.5,0.00170014,
0.862,0.5,0.00165707,
0.863,0.5,0.00161498,
0.864,0.5,0.00157386,
0.865,0.5,0.00153369,
0.866,0.5,0.00149444,
0.867,0.5,0.00145611,
0.868,0.5,0.00141867,
0.869,0.5,0.00138211,
0.87,0.5,0.0013464,
0.871,0.5,0.00131153,
0.872,0.5,0.00127749,
0.873,0.5,0.00124424,
0.874,0.5,0.00121179,
0.875,0.5,0.00118011,
0.876,0.5,0.00114918,
0.877,0.5,0.001119,
0.878,0.5,0.00108954,
0.879,0.5,0.00106078,
0.88,0.5,0.00103273,
0.881,0.5,0.00100535,
0.882,0.5,0.000978633,
0.883,0.5,0.000952569,
0.884,0.5,0.000927141,
0.885,0.5,0.000902336,
0.886,0.5,0.000878141,
0.887,0.5,0.000854541,
0.888,0.5,0.000831524,
0.889,0.5,0.000809077,
0.89,0.5,0.000787187,
0.891,0.5,0.000765843,
0.892,0.5,0.000745031,
0.893,0.5,0.000724741,
0.894,0.5,0.00070496,
0.895,0.5,0.000685677,
0.896,0.5,0.000666882,
0.897,0.5,0.000648561,
0.898,0.5,0.000630706,
0.899,0.5,0.000613306,
0.9,0.5,0.000596349,
0.901,0.5,0.000579827,
0.902,0.5,0.000563728,
0.903,0.5,0.000548044,
0.904,0.5,0.000532764,
0.905,0.5,0.000517879,
0.906,0.5,0.00050338,
0.907,0.5,0.000489258,
0.908,0.5,0.000475505,
0.909,0.5,0.00046211,
0.91,0.5,0.000449067,
0.911,0.5,0.000436366,
0.912,0.5,0.000424,
0.913,0.5,0.00041196,
0.914,0.5,0.000400239,
0.915,0.5,0.000388829,
0.916,0.5,0.000377723,
0.917,0.5,0.000366913,
0.918,0.5,0.000356392,
0.919,0.5,0.000346153,
0.92,0.5,0.000336189,
0.921,0.5,0.000326494,
0.922,0.5,0.00031706,
0.923,0.5,0.000307882,
0.924,0.5,0.000298953,
0.925,0.5,0.000290266,
0.926,0.5,0.000281817,
0.927,0.5,0.000273599,
0.928,0.5,0.000265606,
0.929,0.5,0.000257832,
0.93,0.5,0.000250272,
0.931,0.5,0.000242921,
0.932,0.5,0.000235773,
0.933,0.5,0.000228824,
0.934,0.5,0.000222068,
0.935,0.5,0.000215499,
0.936,0.5,0.000209114,
0.937,0.5,0.000202908,
0.938,0.5,0.000196876,
0.939,0.5,0.000191013,
0.94,0.5,0.000185316,
0.941,0.5,0.000179779,
0.942,0.5,0.000174399,
0.943,0.5,0.000169172,
0.944,0.5,0.000164093,
0.945,0.5,0.000159159,
0.946,0.5,0.000154365,
0.947,0.5,0.000149709,
0.948,0.5,0.000145186,
0.949,0.5,0.000140793,
0.95,0.5,0.000136527,
0.951,0.5,0.000132383,
0.952,0.5,0.000128359,
0.953,0.5,0.000124452,
0.954,0.5,0.000120658,
0.955,0.5,0.000116975,
0.956,0.5,0.000113399,
0.957,0.5,0.000109927,
0.958,0.5,0.000106557,
0.959,0.5,0.000103285,
0.96,0.5,0.00010011,
0.961,0.5,9.70276e-05,
0.962,0.5,9.40364e-05,
0.963,0.5,9.11335e-05,
0.964,0.5,8.83165e-05,
0.965,0.5,8.5583e-05,
0.966,0.5,8.29306e-05,
0.967,0.5,8.03572e-05,
0.968,0.5,7.78604e-05,
0.969,0.5,7.54382e-05,
0.97,0.5,7.30884e-05,
0.971,0.5,7.0809e-05,
0.972,0.5,6.8598e-05,
0.973,0.5,6.64534e-05,
0.974,0.5,6.43735e-05,
0.975,0.5,6.23562e-05,
0.976,0.5,6.03999e-05,
0.977,0.5,5.85028e-05,
0.978,0.5,5.66632e-05,
0.979,0.5,5.48795e-05,
0.98,0.5,5.315e-05,
0.981,0.5,5.14732e-05,
0.982,0.5,4.98475e-05,
0.983,0.5,4.82714e-05,
0.984,0.5,4.67436e-05,
0.985,0.5,4.52627e-05,
0.986,0.5,4.38271e-05,
0.987,0.5,4.24357e-05,
0.988,0.5,4.10871e-05,
0.989,0.5,3.97801e-05,
0.99,0.5,3.85134e-05,
0.991,0.5,3.72859e-05,
0.992,0.5,3.60964e-05,
0.993,0.5,3.49437e-05,
0.994,0.5,3.38268e-05,
0.995,0.5,3.27447e-05,
0.996,0.5,3.16962e-05,
0.997,0.5,3.06804e-05,
0.998,0.5,2.96963e-05,
0.999,0.5,2.87429e-05